{
  "Total" : {
    "transaction" : "Total",
    "sampleCount" : 16439,
    "errorCount" : 2,
    "errorPct" : 0.01216619,
    "meanResTime" : 273.5366506478502,
    "medianResTime" : 230.0,
    "minResTime" : 115.0,
    "maxResTime" : 2413.0,
    "pct1ResTime" : 441.0,
    "pct2ResTime" : 584.0,
    "pct3ResTime" : 788.0,
    "throughput" : 54.759430254093886,
    "receivedKBytesPerSec" : 73.2557524945537,
    "sentKBytesPerSec" : 21.550830461327962
  },
  "eth_getTransactionReceipt" : {
    "transaction" : "eth_getTransactionReceipt",
    "sampleCount" : 16439,
    "errorCount" : 2,
    "errorPct" : 0.01216619,
    "meanResTime" : 273.5366506478502,
    "medianResTime" : 230.0,
    "minResTime" : 115.0,
    "maxResTime" : 2413.0,
    "pct1ResTime" : 441.0,
    "pct2ResTime" : 584.0,
    "pct3ResTime" : 788.0,
    "throughput" : 54.759430254093886,
    "receivedKBytesPerSec" : 73.2557524945537,
    "sentKBytesPerSec" : 21.550830461327962
  }
}