{
  "eth_getTransactionByHash" : {
    "transaction" : "eth_getTransactionByHash",
    "sampleCount" : 15833,
    "errorCount" : 3,
    "errorPct" : 0.018947767,
    "meanResTime" : 378.7761005494857,
    "medianResTime" : 337.0,
    "minResTime" : 113.0,
    "maxResTime" : 2489.0,
    "pct1ResTime" : 633.0,
    "pct2ResTime" : 764.0,
    "pct3ResTime" : 936.0,
    "throughput" : 52.630004387772736,
    "receivedKBytesPerSec" : 48.92398417451701,
    "sentKBytesPerSec" : 21.689318214492282
  },
  "Total" : {
    "transaction" : "Total",
    "sampleCount" : 15833,
    "errorCount" : 3,
    "errorPct" : 0.018947767,
    "meanResTime" : 378.7761005494857,
    "medianResTime" : 337.0,
    "minResTime" : 113.0,
    "maxResTime" : 2489.0,
    "pct1ResTime" : 633.0,
    "pct2ResTime" : 764.0,
    "pct3ResTime" : 936.0,
    "throughput" : 52.630004387772736,
    "receivedKBytesPerSec" : 48.92398417451701,
    "sentKBytesPerSec" : 21.689318214492282
  }
}