{
  "eth_getTransactionByHash" : {
    "transaction" : "eth_getTransactionByHash",
    "sampleCount" : 16537,
    "errorCount" : 10,
    "errorPct" : 0.06047046,
    "meanResTime" : 1452.4443974118624,
    "medianResTime" : 1413.0,
    "minResTime" : 103.0,
    "maxResTime" : 5889.0,
    "pct1ResTime" : 1897.0,
    "pct2ResTime" : 2066.0,
    "pct3ResTime" : 2709.619999999999,
    "throughput" : 55.01641809417033,
    "receivedKBytesPerSec" : 51.12981740900184,
    "sentKBytesPerSec" : 22.672781675527222
  },
  "Total" : {
    "transaction" : "Total",
    "sampleCount" : 16537,
    "errorCount" : 10,
    "errorPct" : 0.06047046,
    "meanResTime" : 1452.4443974118624,
    "medianResTime" : 1413.0,
    "minResTime" : 103.0,
    "maxResTime" : 5889.0,
    "pct1ResTime" : 1897.0,
    "pct2ResTime" : 2066.0,
    "pct3ResTime" : 2709.619999999999,
    "throughput" : 55.01641809417033,
    "receivedKBytesPerSec" : 51.12981740900184,
    "sentKBytesPerSec" : 22.672781675527222
  }
}