{
  "Total" : {
    "transaction" : "Total",
    "sampleCount" : 15779,
    "errorCount" : 31,
    "errorPct" : 0.19646366,
    "meanResTime" : 1902.4248051207358,
    "medianResTime" : 1873.0,
    "minResTime" : 101.0,
    "maxResTime" : 8230.0,
    "pct1ResTime" : 2495.0,
    "pct2ResTime" : 2702.0,
    "pct3ResTime" : 3272.4000000000015,
    "throughput" : 52.48295360053218,
    "receivedKBytesPerSec" : 70.11777217071347,
    "sentKBytesPerSec" : 20.654912403334443
  },
  "eth_getTransactionReceipt" : {
    "transaction" : "eth_getTransactionReceipt",
    "sampleCount" : 15779,
    "errorCount" : 31,
    "errorPct" : 0.19646366,
    "meanResTime" : 1902.4248051207358,
    "medianResTime" : 1873.0,
    "minResTime" : 101.0,
    "maxResTime" : 8230.0,
    "pct1ResTime" : 2495.0,
    "pct2ResTime" : 2702.0,
    "pct3ResTime" : 3272.4000000000015,
    "throughput" : 52.48295360053218,
    "receivedKBytesPerSec" : 70.11777217071347,
    "sentKBytesPerSec" : 20.654912403334443
  }
}