{
  "Total" : {
    "transaction" : "Total",
    "sampleCount" : 15876,
    "errorCount" : 36,
    "errorPct" : 0.22675736,
    "meanResTime" : 2846.2067271352835,
    "medianResTime" : 2723.0,
    "minResTime" : 104.0,
    "maxResTime" : 12164.0,
    "pct1ResTime" : 3618.300000000001,
    "pct2ResTime" : 3996.1499999999996,
    "pct3ResTime" : 5142.689999999999,
    "throughput" : 52.489411858057736,
    "receivedKBytesPerSec" : 70.11118272273119,
    "sentKBytesPerSec" : 20.657454080856706
  },
  "eth_getTransactionReceipt" : {
    "transaction" : "eth_getTransactionReceipt",
    "sampleCount" : 15876,
    "errorCount" : 36,
    "errorPct" : 0.22675736,
    "meanResTime" : 2846.2067271352835,
    "medianResTime" : 2723.0,
    "minResTime" : 104.0,
    "maxResTime" : 12164.0,
    "pct1ResTime" : 3618.300000000001,
    "pct2ResTime" : 3996.1499999999996,
    "pct3ResTime" : 5142.689999999999,
    "throughput" : 52.489411858057736,
    "receivedKBytesPerSec" : 70.11118272273119,
    "sentKBytesPerSec" : 20.657454080856706
  }
}