{
  "Total" : {
    "transaction" : "Total",
    "sampleCount" : 16228,
    "errorCount" : 2,
    "errorPct" : 0.012324378,
    "meanResTime" : 554.5828198175996,
    "medianResTime" : 504.0,
    "minResTime" : 106.0,
    "maxResTime" : 3022.0,
    "pct1ResTime" : 823.0,
    "pct2ResTime" : 939.5499999999993,
    "pct3ResTime" : 1180.7099999999991,
    "throughput" : 54.050093258726356,
    "receivedKBytesPerSec" : 72.30673794297894,
    "sentKBytesPerSec" : 21.271667561783907
  },
  "eth_getTransactionReceipt" : {
    "transaction" : "eth_getTransactionReceipt",
    "sampleCount" : 16228,
    "errorCount" : 2,
    "errorPct" : 0.012324378,
    "meanResTime" : 554.5828198175996,
    "medianResTime" : 504.0,
    "minResTime" : 106.0,
    "maxResTime" : 3022.0,
    "pct1ResTime" : 823.0,
    "pct2ResTime" : 939.5499999999993,
    "pct3ResTime" : 1180.7099999999991,
    "throughput" : 54.050093258726356,
    "receivedKBytesPerSec" : 72.30673794297894,
    "sentKBytesPerSec" : 21.271667561783907
  }
}