{
  "eth_getTransactionByHash" : {
    "transaction" : "eth_getTransactionByHash",
    "sampleCount" : 16230,
    "errorCount" : 39,
    "errorPct" : 0.24029575,
    "meanResTime" : 2772.1596426370975,
    "medianResTime" : 2690.0,
    "minResTime" : 102.0,
    "maxResTime" : 11486.0,
    "pct1ResTime" : 3551.8999999999996,
    "pct2ResTime" : 3807.0,
    "pct3ResTime" : 4764.760000000002,
    "throughput" : 53.90808720953406,
    "receivedKBytesPerSec" : 50.046580267995935,
    "sentKBytesPerSec" : 22.216028127366577
  },
  "Total" : {
    "transaction" : "Total",
    "sampleCount" : 16230,
    "errorCount" : 39,
    "errorPct" : 0.24029575,
    "meanResTime" : 2772.1596426370975,
    "medianResTime" : 2690.0,
    "minResTime" : 102.0,
    "maxResTime" : 11486.0,
    "pct1ResTime" : 3551.8999999999996,
    "pct2ResTime" : 3807.0,
    "pct3ResTime" : 4764.760000000002,
    "throughput" : 53.90808720953406,
    "receivedKBytesPerSec" : 50.046580267995935,
    "sentKBytesPerSec" : 22.216028127366577
  }
}