{
  "eth_getTransactionByHash" : {
    "transaction" : "eth_getTransactionByHash",
    "sampleCount" : 15307,
    "errorCount" : 0,
    "errorPct" : 0.0,
    "meanResTime" : 195.6509440125438,
    "medianResTime" : 165.0,
    "minResTime" : 112.0,
    "maxResTime" : 2092.0,
    "pct1ResTime" : 291.0,
    "pct2ResTime" : 400.0,
    "pct3ResTime" : 621.0,
    "throughput" : 51.025544440259075,
    "receivedKBytesPerSec" : 47.43781084680336,
    "sentKBytesPerSec" : 21.02810522830989
  },
  "Total" : {
    "transaction" : "Total",
    "sampleCount" : 15307,
    "errorCount" : 0,
    "errorPct" : 0.0,
    "meanResTime" : 195.6509440125438,
    "medianResTime" : 165.0,
    "minResTime" : 112.0,
    "maxResTime" : 2092.0,
    "pct1ResTime" : 291.0,
    "pct2ResTime" : 400.0,
    "pct3ResTime" : 621.0,
    "throughput" : 51.025544440259075,
    "receivedKBytesPerSec" : 47.43781084680336,
    "sentKBytesPerSec" : 21.02810522830989
  }
}