{
  "Total" : {
    "transaction" : "Total",
    "sampleCount" : 16091,
    "errorCount" : 0,
    "errorPct" : 0.0,
    "meanResTime" : 186.19116276179207,
    "medianResTime" : 164.0,
    "minResTime" : 111.0,
    "maxResTime" : 2372.0,
    "pct1ResTime" : 258.0,
    "pct2ResTime" : 357.0,
    "pct3ResTime" : 611.1599999999999,
    "throughput" : 53.63988505977025,
    "receivedKBytesPerSec" : 71.76429934754418,
    "sentKBytesPerSec" : 21.1102282022338
  },
  "eth_getTransactionReceipt" : {
    "transaction" : "eth_getTransactionReceipt",
    "sampleCount" : 16091,
    "errorCount" : 0,
    "errorPct" : 0.0,
    "meanResTime" : 186.19116276179207,
    "medianResTime" : 164.0,
    "minResTime" : 111.0,
    "maxResTime" : 2372.0,
    "pct1ResTime" : 258.0,
    "pct2ResTime" : 357.0,
    "pct3ResTime" : 611.1599999999999,
    "throughput" : 53.63988505977025,
    "receivedKBytesPerSec" : 71.76429934754418,
    "sentKBytesPerSec" : 21.1102282022338
  }
}