{
  "Total" : {
    "transaction" : "Total",
    "sampleCount" : 2323,
    "errorCount" : 0,
    "errorPct" : 0.0,
    "meanResTime" : 128.64700817907854,
    "medianResTime" : 123.0,
    "minResTime" : 111.0,
    "maxResTime" : 1436.0,
    "pct1ResTime" : 142.0,
    "pct2ResTime" : 160.0,
    "pct3ResTime" : 224.75999999999976,
    "throughput" : 7.7450114191408135,
    "receivedKBytesPerSec" : 10.36197816818644,
    "sentKBytesPerSec" : 3.0480855487438947
  },
  "eth_getTransactionReceipt" : {
    "transaction" : "eth_getTransactionReceipt",
    "sampleCount" : 2323,
    "errorCount" : 0,
    "errorPct" : 0.0,
    "meanResTime" : 128.64700817907854,
    "medianResTime" : 123.0,
    "minResTime" : 111.0,
    "maxResTime" : 1436.0,
    "pct1ResTime" : 142.0,
    "pct2ResTime" : 160.0,
    "pct3ResTime" : 224.75999999999976,
    "throughput" : 7.7450114191408135,
    "receivedKBytesPerSec" : 10.36197816818644,
    "sentKBytesPerSec" : 3.0480855487438947
  }
}