{
  "Total" : {
    "transaction" : "Total",
    "sampleCount" : 16365,
    "errorCount" : 9,
    "errorPct" : 0.054995418,
    "meanResTime" : 917.6146043385266,
    "medianResTime" : 875.0,
    "minResTime" : 99.0,
    "maxResTime" : 4238.0,
    "pct1ResTime" : 1284.0,
    "pct2ResTime" : 1392.0,
    "pct3ResTime" : 1696.3400000000001,
    "throughput" : 54.395516732479756,
    "receivedKBytesPerSec" : 72.74662224906267,
    "sentKBytesPerSec" : 21.407610589052094
  },
  "eth_getTransactionReceipt" : {
    "transaction" : "eth_getTransactionReceipt",
    "sampleCount" : 16365,
    "errorCount" : 9,
    "errorPct" : 0.054995418,
    "meanResTime" : 917.6146043385266,
    "medianResTime" : 875.0,
    "minResTime" : 99.0,
    "maxResTime" : 4238.0,
    "pct1ResTime" : 1284.0,
    "pct2ResTime" : 1392.0,
    "pct3ResTime" : 1696.3400000000001,
    "throughput" : 54.395516732479756,
    "receivedKBytesPerSec" : 72.74662224906267,
    "sentKBytesPerSec" : 21.407610589052094
  }
}