{
  "eth_getTransactionByHash" : {
    "transaction" : "eth_getTransactionByHash",
    "sampleCount" : 16302,
    "errorCount" : 10,
    "errorPct" : 0.061342165,
    "meanResTime" : 919.8847994111153,
    "medianResTime" : 870.0,
    "minResTime" : 166.0,
    "maxResTime" : 3620.0,
    "pct1ResTime" : 1303.0,
    "pct2ResTime" : 1436.0,
    "pct3ResTime" : 1692.0,
    "throughput" : 54.2866181588105,
    "receivedKBytesPerSec" : 50.451314020379954,
    "sentKBytesPerSec" : 22.372024280291047
  },
  "Total" : {
    "transaction" : "Total",
    "sampleCount" : 16302,
    "errorCount" : 10,
    "errorPct" : 0.061342165,
    "meanResTime" : 919.8847994111153,
    "medianResTime" : 870.0,
    "minResTime" : 166.0,
    "maxResTime" : 3620.0,
    "pct1ResTime" : 1303.0,
    "pct2ResTime" : 1436.0,
    "pct3ResTime" : 1692.0,
    "throughput" : 54.2866181588105,
    "receivedKBytesPerSec" : 50.451314020379954,
    "sentKBytesPerSec" : 22.372024280291047
  }
}