{
  "eth_getTransactionByHash" : {
    "transaction" : "eth_getTransactionByHash",
    "sampleCount" : 17250,
    "errorCount" : 2,
    "errorPct" : 0.011594203,
    "meanResTime" : 521.388231884057,
    "medianResTime" : 476.0,
    "minResTime" : 115.0,
    "maxResTime" : 2669.0,
    "pct1ResTime" : 818.8999999999996,
    "pct2ResTime" : 928.0,
    "pct3ResTime" : 1133.0,
    "throughput" : 57.49367569567348,
    "receivedKBytesPerSec" : 53.447493171584455,
    "sentKBytesPerSec" : 23.693682757396687
  },
  "Total" : {
    "transaction" : "Total",
    "sampleCount" : 17250,
    "errorCount" : 2,
    "errorPct" : 0.011594203,
    "meanResTime" : 521.388231884057,
    "medianResTime" : 476.0,
    "minResTime" : 115.0,
    "maxResTime" : 2669.0,
    "pct1ResTime" : 818.8999999999996,
    "pct2ResTime" : 928.0,
    "pct3ResTime" : 1133.0,
    "throughput" : 57.49367569567348,
    "receivedKBytesPerSec" : 53.447493171584455,
    "sentKBytesPerSec" : 23.693682757396687
  }
}