{
  "eth_getTransactionByHash" : {
    "transaction" : "eth_getTransactionByHash",
    "sampleCount" : 16643,
    "errorCount" : 19,
    "errorPct" : 0.11416211,
    "meanResTime" : 1805.4220392957925,
    "medianResTime" : 1766.0,
    "minResTime" : 105.0,
    "maxResTime" : 7868.0,
    "pct1ResTime" : 2309.0,
    "pct2ResTime" : 2547.0,
    "pct3ResTime" : 3202.0,
    "throughput" : 55.281706515023686,
    "receivedKBytesPerSec" : 51.36007456412054,
    "sentKBytesPerSec" : 22.78210952083984
  },
  "Total" : {
    "transaction" : "Total",
    "sampleCount" : 16643,
    "errorCount" : 19,
    "errorPct" : 0.11416211,
    "meanResTime" : 1805.4220392957925,
    "medianResTime" : 1766.0,
    "minResTime" : 105.0,
    "maxResTime" : 7868.0,
    "pct1ResTime" : 2309.0,
    "pct2ResTime" : 2547.0,
    "pct3ResTime" : 3202.0,
    "throughput" : 55.281706515023686,
    "receivedKBytesPerSec" : 51.36007456412054,
    "sentKBytesPerSec" : 22.78210952083984
  }
}