{
  "Total" : {
    "transaction" : "Total",
    "sampleCount" : 16064,
    "errorCount" : 24,
    "errorPct" : 0.1494024,
    "meanResTime" : 1496.3869521912306,
    "medianResTime" : 1440.0,
    "minResTime" : 96.0,
    "maxResTime" : 5878.0,
    "pct1ResTime" : 1968.5,
    "pct2ResTime" : 2100.0,
    "pct3ResTime" : 2522.4500000000025,
    "throughput" : 53.34201115055238,
    "receivedKBytesPerSec" : 71.2895067590677,
    "sentKBytesPerSec" : 20.992998528977157
  },
  "eth_getTransactionReceipt" : {
    "transaction" : "eth_getTransactionReceipt",
    "sampleCount" : 16064,
    "errorCount" : 24,
    "errorPct" : 0.1494024,
    "meanResTime" : 1496.3869521912306,
    "medianResTime" : 1440.0,
    "minResTime" : 96.0,
    "maxResTime" : 5878.0,
    "pct1ResTime" : 1968.5,
    "pct2ResTime" : 2100.0,
    "pct3ResTime" : 2522.4500000000025,
    "throughput" : 53.34201115055238,
    "receivedKBytesPerSec" : 71.2895067590677,
    "sentKBytesPerSec" : 20.992998528977157
  }
}