{
  "eth_getTransactionByHash" : {
    "transaction" : "eth_getTransactionByHash",
    "sampleCount" : 2083,
    "errorCount" : 0,
    "errorPct" : 0.0,
    "meanResTime" : 143.5103216514643,
    "medianResTime" : 135.0,
    "minResTime" : 115.0,
    "maxResTime" : 836.0,
    "pct1ResTime" : 170.0,
    "pct2ResTime" : 194.0,
    "pct3ResTime" : 290.15999999999985,
    "throughput" : 6.945023289000323,
    "receivedKBytesPerSec" : 6.456701338992488,
    "sentKBytesPerSec" : 2.8621092069903673
  },
  "Total" : {
    "transaction" : "Total",
    "sampleCount" : 2083,
    "errorCount" : 0,
    "errorPct" : 0.0,
    "meanResTime" : 143.5103216514643,
    "medianResTime" : 135.0,
    "minResTime" : 115.0,
    "maxResTime" : 836.0,
    "pct1ResTime" : 170.0,
    "pct2ResTime" : 194.0,
    "pct3ResTime" : 290.15999999999985,
    "throughput" : 6.945023289000323,
    "receivedKBytesPerSec" : 6.456701338992488,
    "sentKBytesPerSec" : 2.8621092069903673
  }
}